cWH	Family	LSW 2002 Isosteric Groups	Updated Isosteric Groups	Count	UG	UA	CG	CU	CC	UU	GG	AG	GA	AU
UG	cWH	I3.1	I3.1	4	0.00	1.69	2.07	3.70	4.64	4.94	7.25	5.12	6.58	7.87
UA	cWH	I3.1	I3.1	60	1.69	0.00	1.05	2.08	3.11	3.35	5.64	3.49	4.95	6.30
CG	cWH	I3.1	I3.1	7(C)	2.07	1.05	0.00	2.21	2.69	3.06	5.41	3.74	5.14	6.62
CU	cWH	(I3.1) 	(I3.2)	0(M)	3.70	2.08	2.21	0.00	1.59	1.86	3.67	1.63	3.01	4.52
CC	cWH	I3.2	I3.2	8	4.64	3.11	2.69	1.59	0.00	0.85	2.76	2.22	3.13	4.76
UU	cWH	I3.2	I3.2	24	4.94	3.35	3.06	1.86	0.85	0.00	2.58	1.99	2.80	4.32
GG	cWH	I3.4	I3.4	107	7.25	5.64	5.41	3.67	2.76	2.58	0.00	2.85	2.22	3.42
AG	cWH	I3.3	I3.3	3	5.12	3.49	3.74	1.63	2.22	1.99	2.85	0.00	1.47	2.90
GA	cWH	I3.3	I3.3	5	6.58	4.95	5.14	3.01	3.13	2.80	2.22	1.47	0.00	1.67
AU	cWH	(I3.3) 	(I3.3)	0(M)	7.87	6.30	6.62	4.52	4.76	4.32	3.42	2.90	1.67	0.00
