tWH	Family	LSW 2002 Isosteric Groups	Updated Isosteric Groups	Count	AA	AG	GU	UU	CA	CG	CC	UA	GG	UG
AA	tWH	I4.4	I4.3	56	0.00	1.54	1.94	2.82	2.91	3.27	4.82	4.27	3.04	3.42
AG	tWH	I4.4	I4.2/4.3	11	1.54	0.00	1.25	1.69	1.77	2.08	3.97	3.78	3.11	4.00
GU	tWH	I4.4	I4.3	9(C)	1.94	1.25	0.00	2.49	2.70	3.11	4.04	4.20	3.00	4.35
UU	tWH	I4.2	I4.2	10(C)	2.82	1.69	2.49	0.00	0.39	1.02	2.68	2.44	2.83	3.72
CA	tWH	I4.2	I4.2	62	2.91	1.77	2.70	0.39	0.00	0.66	2.96	2.64	3.14	3.87
CG	tWH	I4.2	I4.2	4	3.27	2.08	3.11	1.02	0.66	0.00	3.42	3.11	3.78	4.38
CC	tWH	I4.1	I4.1	11(C)	4.82	3.97	4.04	2.68	2.96	3.42	0.00	1.69	2.75	4.15
UA	tWH	I4.1	I4.1	341	4.27	3.78	4.20	2.44	2.64	3.11	1.69	0.00	2.26	2.82
GG	tWH	I4.5	I4.5	14	3.04	3.11	3.00	2.83	3.14	3.78	2.75	2.26	0.00	2.07
UG	tWH	I4.3	I4.4	1	3.42	4.00	4.35	3.72	3.87	4.38	4.15	2.82	2.07	0.00
